id,nombre,apellido,edad,correo,direccion
1,Rachael,Copeland,42,debra62@yahoo.com,"98953 Munoz Spurs Suite 116, Lake Ericview, MN 11681"
2,Joshua,Taylor,19,matthew30@brown.com,"537 Schultz Ferry, North Jonathan, AR 32096"
3,Melissa,Harris,33,grayrandall@solomon-bowman.biz,"5772 Lara Overpass, Scottside, OK 74436"
4,Cynthia,Caldwell,47,eweeks@gmail.com,"8213 Johnson Neck Suite 068, Jamesborough, MN 27665"
5,Sandra,Dominguez,27,psweeney@boyle-barnes.com,"208 Donald Neck, Emilyfurt, KY 20057"
6,Leah,Ayala,64,stephanie62@morrison.com,"084 Tyler Canyon Suite 756, North Sherylshire, KS 36043"
7,Robert,Douglas,39,zandersen@gmail.com,"01590 Crystal Crossing, West Amy, KY 18813"
8,Michael,Russell,80,christophertran@gmail.com,"7885 Matthew Mews Suite 365, Brianton, AL 07697"
9,Anita,Harding,32,kennethgreen@mack.com,"93746 Taylor Roads, Millsmouth, MI 55085"
10,Jerry,Holmes,40,huntnicole@hotmail.com,"378 Strong Creek, South Jessicaville, LA 68090"
